,AUC,Precision,Recall
0,0.6627247749712162,0.5880414312617702,0.2955863211454266
