,AUC,Precision,Recall
0,0.6977503521621169,0.5555555555555556,0.001885369532428356
