,AUC,Precision,Recall
0,0.6799341442795857,0.532258064516129,0.00859375
